{"cameraMode":{"drawMode":0,"name":"Shaded","section":"Shading Mode"},"sceneLighting":true,"audioPlay":false,"sceneViewState":{"m_AlwaysRefresh":false,"showFog":true,"showSkybox":true,"showFlares":true,"showImageEffects":true,"showParticleSystems":true,"showVisualEffectGraphs":true,"m_FxEnabled":true},"in2DMode":false,"pivot":{"x":185.74899291992188,"y":0.12399999797344208,"z":-32.020999908447269},"rotation":{"x":-0.3190547525882721,"y":0.10942451655864716,"z":-0.0371130034327507,"w":-0.9406752586364746},"size":2.731759786605835,"orthographic":true}